{
  "intents": [
    {
      "tag": "greeting",
      "patterns": [
        "Hi",
        "Hey",
        "How are you",
        "Is anyone there?",
        "Hello",
        "Good day"
      ],
      "responses": [
        "Hey :-)",
        "Hello, thanks for visiting",
        "Hi there, what can I do for you?",
        "Hi there, how can I help?"
      ]
    },
    {
      "tag": "goodbye",
      "patterns": ["Bye", "See you later", "Goodbye"],
      "responses": [
        "See you later, thanks for visiting",
        "Have a nice day",
        "Bye! Come back again soon."
      ]
    },
    {
      "tag": "thanks",
      "patterns": ["Thanks", "Thank you", "That's helpful", "Thank's a lot!"],
      "responses": ["Happy to help!", "Any time!", "My pleasure"]
    },
    {
      "tag": "locations",
      "patterns": [
        "Where are you located?",
        "Are you in the NYC area?",
        "Are you in the New York City area?",
        "What services do you offer?"
      ],
      "responses": [
        "We are located in Queens",
        "We serve the New York City Metropolitan area"
      ]
    },
    {
      "tag": "services",
      "patterns":[
        "What services do you offer?",
        "Do you offer psychiatric services?",
        "Is this therapy or psychiatry?",
        "Do you have therapy services?"
      ]
    },
    {
      "tag": "payments",
      "patterns": [
        "Do you take credit cards?",
        "Do you accept Mastercard?",
        "Can I pay with Paypal?",
        "Are you cash only?"
      ],
      "responses": [
        "We accept VISA, Mastercard and Paypal",
        "We accept most major credit cards, and Paypal"
      ]
    },
    {
      "tag": "online",
      "patterns": [
        "Do you do appointments via video conferencing?",
        "Do you do phone call sessions?",
        "Do you do zoom sessions?"
      ],
      "responses": [
        "Yes we do zoom sessions",
        "Yes, we do phone sessions"
      ]
    },
    {
      "tag": "funny",
      "patterns": [
        "Tell me a joke!",
        "Tell me something funny!",
        "Do you know a joke?"
      ],
      "responses": [
        "Why did the hipster burn his mouth? He drank the coffee before it was cool.",
        "What did the buffalo say when his son left for college? Bison."
      ]
    }
  ]
}


