{"intents": [
        {"tag": "greeting",
         "patterns": ["Hi", "How are you", "Is anyone there?", "Hello", "Good day", "Whats up","hey"],
         "responses": ["Hello!", "Good to see you again!", "Hi there, how can I help?"],
         "context_set": ""
        },
        {"tag": "goodbye",
         "patterns": ["cya", "See you later", "Goodbye", "I am Leaving", "Have a Good day","bye","Thank You"],
         "responses": ["Sad to see you go :(", "Talk to you later", "Goodbye!"],
         "context_set": ""
        },
        {"tag": "age",
         "patterns": ["how old", "how old is the bot", "what is your age", "how old are you", "age?"],
         "responses": ["I was modelled yesterday!", "Age is just a number!","I live young and free."],
         "context_set": ""
        },
        {"tag": "name",
         "patterns": ["what is your name", "what should I call you", "whats your name?"],
         "responses": ["You can call me BOT.", "I'm BOT!", "I'm BOT aka The Query Receiver"],
         "context_set": ""
        },
        {"tag": "intro",
         "patterns": ["tell me about yourself", "what are you hobbies", "who are you", "Who is bot"],
         "responses": ["I am the BOT for PES University EC Campus. I answer the queries with respect to the college. I like sipping on Mobile Data."],
         "context_set": ""
        },
        {"tag": "pes",
            "patterns": ["what is pes?","Is pes a good college?","Pes college","How is PES","How old is pes?","pes"],
            "responses": ["PESIT was started in 1988 as the first engineering college under the PES group of institutions. Its vision has been to make its students professionally superior and ethically strong global manpower. Every activity at PES is focused in addressing student needs. It offers and facilitates academic excellence, leadership qualities, nurturing environment, and cutting edge infrastructure – everything students need to succeed. A unique educational system at PES will ensure that students gain not just depth and breath in their chosen area of specialization, but a holistic set of skills that will equip them to face the real world."],
            "context_set": ""
        },
        {"tag": "cet",
            "patterns": ["cet","What is the cutoff for CET rank","What is the fee for CET students","When is the CET counseling?","How many seats are available for CET?","CET admission"],
            "responses": ["The CET cutoff closes around 3K rank.About 40% of the seats are alloted for CET admission.The fee structure is notified in the college website."],
            "context_set": ""
        },
        {"tag": "pessat",
            "patterns": ["pessat","When is PESSAT?","where is pessat conducted","is pessat mandatory or compulsory to write","is pessat online or offline","what is the cutoff rank for pessat","how many seats are alloted for pessat?","what is the fee for pessat","syllabus or portions for pessat","what is the cutoff for PESSAT"],
            "responses": ["PESSAT is the entry level examination for Engineering courses.It is compulsory to write PESSAT.PESSAT is an offline examination.The syllabus will be your 11th and 12th standard portions. Every year the cutoff keeps changing.For further queries please refer our website"],
            "context_set": ""
        },
        {"tag": "management",
            "patterns": ["what is the price for management seat","how many seats are alloted for mamagement","What is the fee structure for management","management seat"],
            "responses": ["Please enquire from the college Admission Office.Thank You"],
            "context_set": ""
        },
        {"tag": "admissions",
            "patterns": ["admissions","when will the admissions start","How many rounds of counseling are there?","CSE or EC or MECH seats in PES","Whom to contact for admissions","Which campus to contact of admissions"],
            "responses": ["Please refer to the Admissions department in the college website. The contact information is available in the website.We will be available from 9AM till 4PM."],
            "context_set": ""
        },
        {"tag": "campus",
            "patterns": ["campus","Where is pes","location of pes","How is the campus","how big is the campus","how many grounds are there?","is there a football or a cricket ground?","how many buildings are there","is the campus spacious"],
            "responses": ["PES is located in Electrnic City Phasse-1 in Bangalore. Our PES campus is huge.We have multiple buildings for multiple courses..We encourage students to play all kinds of sports."],
            "context_set": ""
        },
        {"tag": "hostel",
            "patterns": ["hostel","information on hostel","where is the hostel","where is the boys or girls hostel","is the hostel food good","are the rooms spacious enough","are the rooms cleaned everyday","what are the timings for hostel","is the warden strict?"],
            "responses": ["The Boys hostel is in campus where as the girls hostel is outside the campus.We provide the best to the students.Please contact the admissions department for more information on Hostel."],
            "context_set": ""
        },
        {"tag": "sports",
            "patterns": ["sports","information on sports","what all sports are there in pes","do pes encourage sports?","do students go to touranments","is there a sports teacher or faculty","when are the selections for different sports"],
            "responses": ["PES looks for students who are equally talented in Studies and Sports. Here in PES, we encourage all the students to participate in differnt sports and activities.For futher information please contact the Admissions department."],
            "context_set": ""
        },
        {"tag": "exams",
            "patterns": ["exams","information on exams","are the exams online or offline","when are the exams conducted","how many internals are held","when is the backlog exams","what is ISA","what is ESA","what is CBT"],
            "responses": ["ISA or In-Semenster assessment and ESA or End-Semester assessment are the exams held in PES.ISA(CBT) is online and ESA is offline.For more information please contact your respective Class coordinator or HOD."],
            "context_set": ""
        },
        {"tag": "activities",
            "patterns": ["activities","extracurricular","Does pes encourage extracurricular activites","when will the activites be held","whom should we contact for activities","are there activities for skill development","information on activities"],
            "responses": ["Here at PES we encourage all the students to particitpate in extracurricular activites. For more information on Extracurricular activites contact your Class coordinator or HOD. "],
            "context_set": ""
        },
        {"tag": "clubs",
            "patterns": ["clubs","how many clubs are there","information on clubs","can we join multiple clubs at the same time.","can we form our own clubs","how many people in a club","music club","dance club"],
            "responses": ["There are over 20 clubs in PES.Each club representing differnet theme.We encourage all the students to participate in the clubs.For more information please check the college notice board."],
            "context_set": ""
        },
        {"tag": "ieee",
            "patterns": ["ieee","what is IEEE","How to join IEEE","information on IEEE","is IEEE important"],
            "responses": ["We have our very own IEEE club in PES.It helps in conducting seminars on latest technologies.Please visit our website for more informstion."],
            "context_set": ""
        },
        {"tag": "prinicpal",
            "patterns": ["principal","who is the principal","where is the principa's cabin","when will the principal be available"],
            "responses": ["Dr. Subhash Kulkarni is the principal of PES EC Campus.His cabin is located at the entrance of the mail building.Please be in contact with the attenders for more information on Principal's activities."],
            "context_set": ""
           },
        {"tag": "labs",
            "patterns": ["labs","where is the lab","information on labs","how many labs are conducted every week","what if we break something in the lab","how many labs are there in the campus"],
            "responses": ["FOr every practical subject taught in PES there is a lab.According to the timetable the labs would be counducted.Please contact with your respective subject teacher to know more about labs."],
            "context_set": ""
        },
        {"tag": "gym",
            "patterns": ["gym","is there gym in the campus","information on gym","gym timings","is the gym well equipped","should we pay for the gym"],
            "responses": ["At PES,we have a very huge gym which is well equipped.The gym is available for morning 6Am till evening 8PM.For more information please contact the sports faculty."],
            "context_set": ""
        },
        {"tag": "fest",
            "patterns": ["fest","whats the name of the college fest","when will the fest be conduted","are the students allowed to attend other collge fests","when are the registration open for fests","where does the fest takes place","will the other college students be invited for the fest?"],
            "responses": ["Here at PES, we organize a huge and entertaining fest every year.We encourage students to participate in other college's fest too.The name of our college fest is MAAYA.For more information on fest please refer to the college notice board or your class coordinator."],
            "context_set": ""
        },
        {"tag": "hod",
            "patterns": ["who is the hod","where is the hod's cabin","how to contact the hod","can we work under hod for a project"],
            "responses": ["CSE HOD: Dr. Sandesh B J,ECE HOD: Dr. Ajey SNR, MECH HOD: Mr Sathish SV  There are respective HOD's for each department.The HOD will address each class separately.Please contact your class coordinator for more information on HOD"],
            "context_set": ""
        },
        {"tag": "attendance",
            "patterns": ["attendance","what is the minimum or cutoff attendance","information on attendance","how to compensate for attendace","whom should I ask about attendance","what if i have less attendace"],
            "responses": ["The minimum attendace criteria is 80%.Students who have less have 85% will not be allowed to write the ESA.If there is any descrepancies in the attendance please contact your class coordinator."],
            "context_set": ""
        },
        {"tag": "classroom",
            "patterns": ["clasrooms","how big is the classroom","is there a TV in the classroom?","is wifi available inside the classroom","is there a projector","information on classroom"],
            "responses": ["The classrooms at PES are spacious and can accomodate many students.The Projector is replaced by TV for teaching purposes."],
            "context_set": ""
        },
        {"tag": "faculty",
            "patterns": ["faculty","how are the faculty","whats the teaching experience of the teachers","how many teachers are there","information on faculty","information on teachers","teachers at pes","teachers"],
            "responses": ["At PES we have teachers who are very proficient in the field they teach.We have around 100 teachers who are experienced in the university's syllabus"],
            "context_set": ""
        },
        {"tag": "syllabus",
            "patterns": ["syllabus","whats the syllabus","information on syllabus","is the syllabus different for VTU"],
            "responses": ["PES has the best syllabus for the current generstion.All the subjects are up to date with the new technologies.For more information please refer to the college website."],
            "context_set": ""
        },
        {"tag": "transportation",
            "patterns": ["transportation","bus service","is the bus service","information on bus service","information on transportation","whats the fee for bus","what are the routes taken","is there a bus pass?"],
            "responses": ["PES provides bus services for both Students and Teachers.For more information please contact the Administration department."],
            "context_set": ""
        },
        {"tag": "placements",
            "patterns": ["placements","information on placements","how are the placements","how many companies come","what all compaines come","what the placement rate","whats the highest package"],
            "responses": ["PES has a very good history with placements.Over 80% of the students gets placed.Over 200 companies come to recruit students.Fore more information please refer to the college website."],
            "context_set": ""
        },
        {"tag": "meetings",
            "patterns": ["are there parent teachers meetings","information on meetings","parents meeting","talk with teaches","talk with hod"],
            "responses": ["We encourage parents to meet teachers after every ISA.The parents can also meet HOD and clarify their doubts.The parents have to fix a meeting date and time before coming to college."],
            "context_set": ""
        },
        {"tag": "ragging",
            "patterns": ["ragging","i have been ragged","information on ragging","ragging in campus","whomto report on ragging","actions taken against ragging"],
            "responses": ["PES is strict with the policy of no ragging.If any student student is found ragging,a strict action is taken against them.Students feel free to talk to your class coordinators if you have been ragged."],
            "context_set": ""
        },
        {"tag": "parking",
            "patterns": ["parks","information on parking","parking for bikes and cars","separate parking for bikes and cars","is parking charged?","is parking free","is there a parking fee"],
            "responses": ["There is a big parking lot for both cars and bikes.The parking is chargable.Please contact the Administrative department for more information"],
            "context_set": ""
           },
        {"tag": "canteen",
            "patterns": ["canteen","information on canteen","where is the canteen","how is the food in canteen","free food","canteen menu","non-veg in canteen","how many canteens are there"],
            "responses": ["There are four canteens in PES.One near the parking lot,one in fouth floor,one is foodbus and the last one is APU canteen.The food served here is delicious and hygenic.Both nonverg and veg is served."],
            "context_set": ""
        },
        {"tag": "lost",
            "patterns": ["I lost my phone","I lost my ID card","information on lost items","I lost my wallet","where is lost and found","where to report lost items"],
            "responses": ["There is a lost and found room in the ground fllor.Students who lost their items can report there."],
            "context_set": ""
        },
        {"tag": "washroom",
            "patterns": ["where is the washroom","washroom","informtion on washroom","girls washroom","boys washroom","how many washrooms are there","restroom","toilets"],
            "responses": ["There are tow washrooms on each fllor.One for boys and the other for girl.The washrooms are hygenic and clean."],
            "context_set": ""
        },
        {"tag": "competitions",
            "patterns": ["competitions","information on competitions","hackathons","where are the competitions held","how often are the competitions held"],
            "responses": ["There are many competitions held at PES.Everyday there is one or the other competition going on.Please refer to the college notice bord for further information on competitions"],
            "context_set": ""
        },
        {"tag": "alumini",
            "patterns": ["alumini","aluminus","who are the most famous alumini","famous alumini","alumini network","information on alumini"],
            "responses": ["PES has a strong, lively alumni association that extends across the globe. This thriving alumni network brings great value to everyone associated with PES – from spreading awareness and recognition of the PES brand to crating opportunities for and guiding current students."],
            "context_set": ""
        },
        {"tag": "jobs",
            "patterns": ["jobs","information on jobs","job vacancies","how to apply for a job","criteria for job application","what jobs are available at pes"],
            "responses": ["Please contact the Administrative department for more information on jobs."],
            "context_set": ""
        },
        {"tag": "infrastructure",
            "patterns": ["infrastructure","information on infrastructure","how is the infrastructure","campus design"],
            "responses": ["We believe that the development of new technologies affords us an unprecedented opportunity to transform the learning experience for our students. The creation of supporting infrastructure is the a major element of our core strategy. Infrastructure at PES is carefully developed in response to student and faculty needs and ensures that there are no boundaries between the discovery, transfer and application of knowledge. We believe not just in this sustained form of better academic performance, but in the ability of the PES community to innovate, embrace new challenges and seize new opportunities."],
            "context_set": ""
        },
        {"tag": "research",
            "patterns": ["research","information on research","how is the research in pes","how is the scope for research in pes","are the teachers interested in research","research domain"],
            "responses": ["We provide great exposure in the field of Research.Please contact your class coordinator or HOD for more information regarding Research."],
            "context_set": ""
        },
        {"tag": "timetable",
            "patterns": ["timetable","information on timetable","where is the timetable","what are the college timings","college timings"],
            "responses": ["For each semester a timetable is designed.It will be provided at the beginning of the semester.Please contact your class coordinator for more information on timetables"],
            "context_set": ""
        },
        {"tag": "calender",
            "patterns": ["calender","calender of events","information on calender","informstion on calender of events","where is the calender of events"],
            "responses": ["Here at PES we design a very balanced calender of events.We try to make the students life as exciting as possible.Please contact your class coordinator for more information."],
            "context_set": ""
        },
        {"tag": "holidays",
            "patterns": ["holidays","information on holidays","holidays at pes","how many days are holidays","how many holidays in an academic year"],
            "responses": ["Please refer the Calender of Events for more information on Holidays"],
            "context_set": ""
        },
        {"tag": "programs",
            "patterns": ["programs","information on prgrams","programs offered in pes","different programs"],
            "responses": ["We provide BTECH, DEGREE and MEDICALprograms in PES.Please refer to the Admissions section in the website"],
            "context_set": ""
        },
        {"tag": "courses",
            "patterns": ["courses","information on courses","courses offered in PES","different courses","branches","how many branches are there in PES","branches in pes"],
            "responses": ["CSE,ECE and MECH are the Engineering courses offered in PES.For more information please contact the Admission Department"],
            "context_set": ""
        },
        {"tag": "scholarship",
            "patterns": ["scholarship","information on scholarships","differnt scholarships","criteria for scholarships"],
            "responses": ["We provide various levels of Scholarships.Please visit the Scholarships page on our college website"],
            "context_set": ""
        },
        {"tag": "results",
            "patterns": ["scores", "points", "results", "gpa","where can I see my results","where are the results","where do i find my cgpa"],
            "responses": ["Results are updated on the pesu academy webiste/app", "Scores are shown after the exam on the pesu academy website/app", "GPA can be available on the pesu app/website"],
            "context_set": ""
        },
        {"tag": "contact us ",
            "patterns": ["contact", "call", "talk"],
            "responses": ["The contacts for different departments are available in the contacts webpage.Please visit the webpage for more contact details." ],
            "context_set": ""
        },
        {"tag": "internship",
            "patterns": ["internship",  "intern"],
            "responses": ["Compulsory internship for the 4th year students which will be accounted with credits.For more details on internships please contact the placement office or refer the website" ],
            "context_set": ""
        },
        {"tag": "pesu academy ",
            "patterns": ["pesu academy", "pesu website", "academic website"],
            "responses": ["One stop destination for all information regarding the University.Please visit the following link to access the website:https://www.pesuacademy.com/Academy/ " ],
            "context_set": ""
        },
        {"tag": "library",
            "patterns": ["library",  "books"],
            "responses": ["At PES we have a very huge Library with all the books needed for a student's knowledge. Please contact the Librarian for Library rules and regulations." ],
            "context_set": ""
        },
        {"tag": "bootstrap ",
            "patterns": ["bootstrap,","freshers"],
            "responses": ["Bootsrap is a program conducted for the freshers of PES University such that they can get an insight from each branch "],
            "context_set": ""
        },
        {"tag": "orientations",
            "patterns": ["orientation",  "placement orientation"],
            "responses": ["The Placement Orientation will be conducted before the start of Sem 7. All the information regarding the Placements will be shared." ],
            "context_set": ""
        },
        {"tag": "campus life ",
            "patterns": ["life at pes", "pesu lifestyle"],
            "responses": ["Students at pes enjoy their time with equal weightages to extra activities and clubs. PES lifestyle nutures students to be the next big thing in the world. " ], 
            "context_set": ""
        },
        {"tag": "student achievements",
            "patterns": ["achievements", "ranking","teacher achievements"],
            "responses": ["At PES everyone achieves something. All the achievements are showcased in the website.Please visit the website for more information." ],
            "context_set": ""
           },
           {"tag": "news ",
            "patterns": ["news", "information", "pes news"],
            "responses": ["All that happen in the campus is updated via the news on website. A very useful source tp find out on Extracurricular activities. " ], 
            "context_set": ""
           },
           {"tag": "workshop",
            "patterns": ["workshop",  "company workshops","training workshops"],
            "responses": ["workshops are conducted every semester for student development for more details  please refer the website " ],
            "context_set": ""
           },
           {"tag": "cie ",
            "patterns": ["what is cie,","centre for innovation "],
            "responses": ["cie is a part of pesu research program for more information visit the cie page on website" ],
            "context_set": ""
           },
           {"tag": "library",
            "patterns": ["library",  "books"],
            "responses": ["for more details on library please visit the library office or refer the website to borrow a book or use resources"],
            "context_set": ""
           },
           {"tag": "code of conduct ",
            "patterns": ["code of conduct,","phones are allowed"],
            "responses": ["code of conduct deals with the regulations by the pes university for information refer the website" ],
            "context_set": ""
           },
           {"tag": "protest",
            "patterns": ["protest",  "revolt"],
            "responses": ["if you have any issues please contact the respective authority. any indsicplinary action will be dealt according to the rules and regulations" ],
            "context_set": ""
           },
           {"tag": "national academic depository ",
            "patterns": ["national academic depository,","NAD"],
            "responses": ["please refer the nad page  on  the website"],
            "context_set": ""
           },
           {"tag": "pesu app",
            "patterns": ["pesu app",  "pes application","pes app"],
            "responses": ["pesu app holds all the information on the palm of your phone , for relevant information updates and resources for more information refer the website" ],
            "context_set": ""
           },
           {"tag": "support ",
            "patterns": ["support,","helpcentre","trouble"],
            "responses": ["if there are any issues facing in any aspect related to the college please contact us. for more information refer the website" ],
            "context_set": ""
           },
           {"tag": "counseling",
            "patterns": [" pessat counseling","admission counseling"],
            "responses": ["counseling of either pessat/kcet is done respectively please refer the website for dates and information" ],
            "context_set": ""
           },
           {"tag": "resources ",
            "patterns": ["resources,","utilities","college resources" ],
            "responses": ["college resources can be used at any time of the day, it can be accessed even on sundays , for more information refer the website" ],
            "context_set": ""
           },
           {"tag": "locker",
            "patterns": ["locker",  "storage"],
            "responses": ["lockers are available to students on request and storage is available to everyone in their respective classrooms" ],
            "context_set": ""
           },
           {"tag": "stores ",
            "patterns": ["bookshop,","stores","xeroxshop","stationary shop"],
            "responses": ["bookstalls are available in all the  campus for everyday student needs " ],
            "context_set": ""
           },
           {"tag": "founder",
            "patterns": ["founder","who is the founder of PES","information on founder"],
            "responses": ["Dr. M. R. Doreswamy, Chancellor, PES University In 1972, PES was founded with just over 40 students in a rented gymnasium at Bangalore. Today, we have more than 8000 students spread across three different campuses in Karnataka and Andhra Pradesh.It is our unwavering commitment to the highest quality education that has speeded us on this journey. I would also like to thank the generations of parents who have entrusted us with the care and education of their children. It is their faith and belief in PES that has helped us come this far. " ],
            "context_set": ""
           },
           {"tag": "ceo ",
            "patterns": ["ceo,","who is the ceo of pes university","information on ceo"],
            "responses": ["Prof. Jawahar Doreswamy, Pro Chancellor – PES University. You’ll find that everything at PES is single – mindedly focused on addressing student needs. We are clear that it is our responsibility to help our students realize their goals in an increasingly competitive world. We have consistently produced excellent results and PES alumni can be found at premier organizations in India and overseas. From academic excellence to leadership qualities, a nurturing environment to cutting – edge infrastructure, PES offers everything you need to succeed." ],
            "context_set": ""
           },
           {"tag": "coo",
            "patterns": ["coo","who is the coo of PES","information on coo"],
            "responses": ["Prof. Ajoy Kumar, COO – PES Institutions. Since 1972 PES has evolved to be a leader in the field of Education. This success story of PES can solely be attributed to the Spirit of its people.This Spirit of PES guides us to make the PES Vision a reality. Our Spirit sums up our key Performance Indicators (KPI’s). The Core values at PES focus on our students and our teachers, all other activities happen between them, aptly our Spirit has the Students and Teachers as the cornerstones of our theme, these two KPI’s engulf the other KPI’s which include, p5 (Process, Placements, Publications, Papers, Patents), our Identity as PES, our Results and our Infrastructure." ],
            "context_set": ""
           },
           {"tag": "project",
            "patterns": ["project","how many prjects","team projects"],
            "responses": ["Every Semester, for each Subject projects are given to students to gain practical experience on that subject. Please contact the respective Teachers for more information on that subject's project." ],
            "context_set": ""
           },
           {"tag": "capstone",
            "patterns": ["capstone project","final year project","final project","last year project"],
            "responses": ["Capstone or the Final year project is for the 4th year students.The students will be guided by their mentors. The projects extents over two semester from 6th sem to 7th sem. At PES we want to make students free at the end of their final year so they could sit for Placements and other competitive examinations." ],
            "context_set": ""
           },
           {"tag": "pessat1",
            "patterns": ["What is the full form of PESSAT"],
            "responses": ["PES(Peoples Education Society) Scholastic Aptitude Test"],
            "context_set": ""
           },
           {"tag": "pessat2",
               "patterns": ["When does the registration for PESSAT open"],
               "responses": ["Registration for PESSAT opens in October every year"],
               "context_set": ""
           },
           {"tag": "pessat3",
               "patterns": ["When do I take pessat for BTech"],
               "responses": ["PESSAT for BTech is held in the month of May every year"],
               "context_set": ""
           },
           {"tag": "pessat4",
               "patterns": ["When can I book my slot to take PESSAT for BTech"],
               "responses": ["The test slot bookings for BTech commence in April every year.After booking the test slot,the candidate should take a print-out of the Admit card"],
               "context_set": ""
           },
           {"tag": "pessat5",
               "patterns": ["When do I take PESSAT for other courses"],
               "responses": ["For all other courses other than BTech,youo can take PESSAT between January and July of every year at PES University campus.You should book your test slot online"],
               "context_set": ""
           },
           {"tag": "pessat6",
               "patterns": ["Which cities in India have test centers for BTech PESSAT"],
               "responses": ["Please refer the link http://pes.edu/pessat/ for information about PESSAT test centers in India for admission to BTech program"],
               "context_set": ""
           },
           {"tag": "pessat7",
               "patterns": ["Which cities in India have test centers for PESAT for programs other than BTech"],
               "responses": ["For programs other than BTech,PES University,Bangalore is the only Test center"],
               "context_set": ""
           },
           {"tag": "pessat8",
               "patterns": ["How many times can I take PESSAT exam"],
               "responses": ["A candidate can take PESSAT only once"],
               "context_set": ""
           },
           {"tag": "pessat9",
               "patterns": ["Can I surrender the seat alloted through PESSAT,If I am alloted seat through KCET"],
               "responses": ["Yes,you may surrender a seat alloted to you through PESSAT and opt for the seat alloted through CET,The extra money will be refunded or adjusted against the fee payable"],
               "context_set": ""
           },
           {"tag": "pessat10",
               "patterns": ["Can I surrender management seat, if I get PESSAT or KCET seat"],
               "responses": ["Yes, you may surrender the management seat if you are alloted a seat through PESSAT or KCET. The extra money will be refunded or adjusted against the fee payable"],
               "context_set": ""
           },
           {"tag": "pessat11",
               "patterns": ["I need to make corrections/modifications in my PESSAT application form.How can I do it"],
               "responses": ["You may send a mail to pessat@pes.edu with the application number and the corrections/modifications"],
               "context_set": ""
           },
           {"tag": "pessat12",
               "patterns": ["While paying the application fee for PESAT, the amount was deducted twice, what do I do"],
               "responses": ["You may send a mail to pessat@pes.edu. If the amount of fee is found to be deducted twice then the excess amount will be refunded"],
               "context_set": ""
           },
           {"tag": "pessat13",
               "patterns": ["I have already paid the PESSAT application fee, but the PES portal says fee pending, what do I do?"],
               "responses": ["Send a mail to pessat@pes.edu and it will be addressed."],
               "context_set": ""
           },
           {"tag": "pessat14",
               "patterns": ["Is there any negative marking in PESSAT?"],
               "responses": ["There is no negative marking in PESSAT."],
               "context_set": ""
           },
           {"tag": "pessat15",
               "patterns": ["For BTech PESSAT counseling, is only my PESSAT rank considered or my 12th std/ 2nd PU marks are also considered?"],
               "responses": ["For BTech counseling, only PESSAT rank which is generated based on PESSAT score of the candidate is considered. 12th std/ 2nd PU marks will be considered for eligibility purpose."],
               "context_set": ""
           },
           {"tag": "pessat16",
               "patterns": ["Is PESSAT score considered for admission to programs at all PES institutions?"],
               "responses": ["PESSAT scores are considered for the courses offered at PES University – Ring Road Campus, Electronic City Campus and Hanumanth Nagar Campus"],
               "context_set": ""
           },
           {"tag": "pessat17",
               "patterns": ["Can another person represent me at the PESSAT counseling for BTech at PES University?"],
               "responses": ["Yes. Please download the authorization letter from the link http://pes.edu/pessat/pdf/Authorization_Letter.pdf , fill it, bring that authorization letter to the PES University campus before the counseling and get prior approval on it. One of the parents or guardian can represent the candidate with that. Please be informed that without the prior approval (seal and sign), the authorization letter will not be valid."],
               "context_set": ""
           },
           {"tag": "pessat18",
               "patterns": ["Is there an option to attend the counseling session from my hometown without coming to Bangalore?"],
               "responses": ["No. The candidate or authorized representative must attend counseling at PES University, Bangalore."],
               "context_set": ""
           },
           {"tag": "pessat19",
               "patterns": ["I have applied for re-valuation of my 12th Std/ 2nd PU scores in some of the subjects, but PES requires me to upload the 12th/ 2nd PU scores on the website for the BTech counseling process. It will take some time before I get the final scores after re-valuation. What do I do?","12th revaluation"],
               "responses": ["You need to upload your marks before the last date mentioned on the website. If you do not get your revaluation scores before that please upload the existing one."],
               "context_set": ""
           },
           {"tag": "pessat20",
               "patterns": ["I am not able to take PESSAT exam for BTech at my designated centre on the date of the test. Can I take the test on another day at the same centre?"],
               "responses": ["Other than the Bangalore test centre, we cannot provide you with an alternate date for taking the exam. However, you can take the test at the secondary centre on the date applicable to that center. Alternatively, you will be permitted to book the test slot for any of the announced dates for PESSAT exam and take the test at Bangalore."],
               "context_set": ""
           },
           {"tag": "pessat21",
               "patterns": ["If I fail to attend the BTech counseling on the specified day as per my rank, can I attend the counseling on the next day?"],
               "responses": ["You can attend the counseling on the next day which is earmarked for candidates who have secured lower ranks."],
               "context_set": ""
           },
           {"tag": "pessat22",
               "patterns": ["What is the fee payable for the programs at PES University?"],
               "responses": ["Please refer our website http://pes.edu/admissions/"],
               "context_set": ""
           },
           {"tag": "pessat23",
               "patterns": ["What is the intake for different programs at PES University?"],
               "responses": ["Please refer our website http://pes.edu/admissions/"],
               "context_set": ""
           },
           {"tag": "pessat24",
               "patterns": ["Which PES campus offers pre-university, diploma, pharmacy and degree courses?"],
               "responses": ["PES University Hanumanth Nagar Campus."],
               "context_set": ""
           },
           {"tag": "pessat25",
               "patterns": ["When will the courses commence at PES University?","starting date for each sementer"],
               "responses": ["All courses at PES University commence from the first Monday of August every year."],
               "context_set": ""
           },
           {"tag": "pessat26",
               "patterns": ["What is the process for admission to PhD program at PES University?"],
               "responses": ["Detailed information on admission to PhD programs at PES University is available at http://pes.edu/phd/. For any other queries, please write to dean.research@pes.edu."],
               "context_set": ""
           },
           {"tag": "pessat27",
               "patterns": ["Are the courses at PES University and PES University Electronic City Campus taught by the same Professors?"],
               "responses": ["No. The courses at PES University and PESIT South campus are taught by different Professors. Both the institutions ensure that all courses are handled by competent faculty."],
               "context_set": ""
           },
           {"tag": "pessat28",
               "patterns": ["What are the modes of admission to BTech program at PES University?","different ways to get admission at PES","admission at PES"],
               "responses": ["For Engineering, there are three modes of admission: Karnataka CET ranking, PESSAT ranking and Higher fee/NRI/Management quota. Only domicile students of Karnataka are eligible for KCET quota seats wherein they would take the KCET and secure admission through KCET counseling. Students from any country meeting the eligibility criteria for PESSAT can take the test and gain admission in PESSAT quota. For information regarding NRI/Higher fee/ Management quota, please contact the Admission Information Centre at PES University.Students need to take PESSAT even for admissions to programs other than BTech."],
               "context_set": ""
           },
           {"tag": "pessat29",
               "patterns": ["Is it mandatory for a student opting for admission through Management/ NRI/ Higher fee quota for BTech program to take CET or PESSAT?"],
               "responses": ["Yes. The student has to take Karnataka CET or PESSAT even if the student wants to opt for admission through Management/ NRI/ Higher fee quota."],
               "context_set": ""
           },
           {"tag": "pessat30",
               "patterns": ["What is the eligibility criteria for admission to BTech at PES University?"],
               "responses": ["Please refer the web page http://pes.edu/admissions/ for eligibility related information."],
               "context_set": ""
           },
           {"tag": "pessat31",
               "patterns": ["What are the modes of admission to BE/BTech program at PES University Electronic City Campus?"],
               "responses": ["The three modes of admission to BE/BTech program at PESIT south campus are through: KCET, COMEDK and Higher fee/management quota/ NRI quota."],
               "context_set": ""
           },
           {"tag": "pessat32",
               "patterns": ["What is the process for admission to BTech-MTech integrated program?","Integrated programs"],
               "responses": ["The admissions process for integrated BTech-MTech programs is the same as for the BTech program. The student can opt for BTech-MTech integrated program in the third year of the BTech program. Candidate is not required to provide information on opting for integrated BTech-MTech program at the counseling for BTech program."],
               "context_set": ""
           },
           {"tag": "pessat33",
               "patterns": ["I have completed my Diploma in Mechanical Engineering. Can I join PES University?","Diploma students","Diploma"],
               "responses": ["If you are a diploma student from Karnataka and have cleared the Diploma CET conducted by Govt of Karnataka then you may be considered for admission to BTech at PES university. Non Karnataka candidates with a diploma are not eligible for admission to BTech program at PES University as they are not eligible to take Diploma CET conducted by Govt. of Karnataka."],
               "context_set": ""
           },
           {"tag": "pessat34",
               "patterns": ["Is there any difference with regard to faculty, classes and placements for students admitted through management quota and those admitted through KCET or PESSAT?"],
               "responses": ["All students irrespective of the mode of admission receive the same training and get equal opportunity."],
               "context_set": ""
           },
           {"tag": "pessat35",
               "patterns": ["Is it mandatory to choose the specialization associated with the program at the time of counseling?"],
               "responses": ["Yes, the candidate has to select the specialization associated with the program at the time of counseling."],
               "context_set": ""
           },
           {"tag": "pessat36",
               "patterns": ["Till what rank in PGCET for MBA can one aspire to get into PES University?"],
               "responses": ["Historically, students with a PGCET rank within 150 have gained admission to MBA program at PES University."],
               "context_set": ""
           },
           {"tag": "pessat37",
               "patterns": ["What is the procedure for admission to Bachelor of Design program at PES University?"],
               "responses": ["The candidate has to register for PESSAT and take Design Aptitude Test (DAT). On the same day, the candidate has to appear for an interview in the Dept of Architecture and Design. The results of both DAT and the interview will be intimated to the candidate within 3 working days through email and SMS. If the result meets the university’s admission criteria, the candidate can proceed with the admission. Further steps for admission will be informed over the email."],
               "context_set": ""
           },
           {"tag": "pessat38",
               "patterns": ["What is the procedure to secure admission through PESSAT for Bachelor of Architecture at PES University?","Architecture","NATA exam"],
               "responses": ["Admissions for B.Arch is based on NATA score and the 12th/ 2nd PU marks of the candidate (as per CoA norms). The candidate has to register for PESSAT and upload both the NATA and 12th std/ 2nd PU scores on the university’s website. PES University will conduct counseling based on the above scores and the seats will be allotted to the eligible candidates."],
               "context_set": ""
           },
           {"tag": "pessat39",
               "patterns": ["What is the procedure for admission to BBA, LLB integrated program at PES University?"],
               "responses": ["If joining through CLAT score, the candidate has to upload CLAT score on the website. If joining though PESSAT, candidate needs to register for and take PESSAT at PES University."],
               "context_set": ""
           },
           {"tag": "pessat40",
               "patterns": ["If I have any queries regarding admission, how do I get it clarified?","Admission queries","Clarification on Admissions"],
               "responses": ["For questions pertaining to PESSAT, you can send a mail to pessat@pes.edu. For queries pertaining to admissions in general and through higher fee/Management/NRI quota, you can send a mail to admissions@pes.edu"],
               "context_set": ""
           },
           {"tag": "placement1",
               "patterns": ["Which companies visit PES University for recruiting students of engineering programs?","Placement companies","How many companies come for placements"],
               "responses": ["Every year close to 150 companies visit the campus. The companies who have visited includes Accenture, Wipro, Infosys, TCS, Goldman Sachs, Microsoft, GE, Tech Mahindra, Cisco, Intuit, SAP labs, Robert Bosch, KPMG, Mercedes Benz, Volvo, Dell, Oracle, TVS, Mahindra, Capgemini and more."],
               "context_set": ""
           },
           {"tag": "placement2",
               "patterns": ["Does the University provide pre-placement training?","Placement training"],
               "responses": ["Yes. We provide pre-placement training to all our students before they appear for their campus interviews."],
               "context_set": ""
           },
           {"tag": "placement3",
               "patterns": ["Which are the companies that visit PES University for recruiting students of MBA program?"],
               "responses": ["There are close to 100 companies who visit our campus every year to recruit MBA students. The companies who have visited includes Deloitte, Genpact, Bosch, Morgan Stanley, HDFC, ITC, Man Trucks, ICICI, TATA teleservices, Amazon, Nestle, Honeywell, Oracle, Thomson Reuters, Toyota, Ernst and Young, Mercedes Benz and more."],
               "context_set": ""
           },
           {"tag": "placement4",
               "patterns": ["How does the placement record of PES University compare with that of PES University Electronic City Campus?","Placements in PES University RR and EC campuses","Placement comparison between RR and EC campuses"],
               "responses": ["The placements are centralized at PES University for the students of both campuses. The students of both campuses are combined in a single group for placements."],
               "context_set": ""
           },
           {"tag": "placement5",
               "patterns": ["For placements after BTech, do companies consider only the marks in BTech or consider the 12th grade and 10th grade marks as well?","Placement prerequisites","Placement eligibility"],
               "responses": ["Generally, companies expect an overall score of 60% and above right from 10th grade to BTech."],
               "context_set": ""
           },
           {"tag": "transport1",
               "patterns": ["Is transport facility available from my area in Bangalore?","transport facilities","bus facility"],
               "responses": ["Please refer to our webpage Transportation for information regarding the bus routes and contact details of transport manager."],
               "context_set": ""
           },
           {"tag": "hostel1",
               "patterns": ["Are hostel facilities available for both boys and girls of PES University?"],
               "responses": ["Yes. All hostels are managed by PES. The boys’ hostel is within the campus. The girls’ hostel is about 2 Km distance from campus for which college buses are available."],
               "context_set": ""
           },
           {"tag": "hostel2",
               "patterns": ["How is the food facility at PES hostels?","food in hostel"],
               "responses": ["Food is provided according to a regular menu fixed by the college management. The menu is a mix of north and south Indian cuisines. Requests from the students to change the menu will not be entertained."],
               "context_set": ""
           },
           {"tag": "hostel3",
               "patterns": ["How is the security arrangement at the hostels?","hostel security"],
               "responses": ["24 hours security is provided for both boys and girls hostels."],
               "context_set": ""
           },
           {"tag": "hostel4",
               "patterns": ["Is laundry facility available at PES hostels?"],
               "responses": ["Yes, a permanent laundry service is available at both boys’ and girls’ hostels."],
               "context_set": ""
           },
           {"tag": "hostel5",
               "patterns": ["Can students opt for day boarding option at PES hostel?"],
               "responses": ["Yes. Students opting for this option will be allowed to go home on Friday evenings and return to the hostel on Monday mornings."],
               "context_set": ""
           },
           {"tag": "hostel6",
               "patterns": ["When can I approach the university for hostel-admissions?","hostel admission"],
               "responses": ["The parent or the student can decide on hostel admissions at the time of admission to the program."],
               "context_set": ""
           },
           {"tag": "hostel7",
               "patterns": ["Are the hostels wifi enabled?"],
               "responses": ["Yes, there is WIFI in hostels"],
               "context_set": ""
           },
           {"tag": "hostel8",
               "patterns": ["Is any accommodation facility apart from hostel available?"],
               "responses": ["Other than hostels, PES does not provide any other accommodation facility for the students. The students can opt to stay out of campus and make their own accommodation arrangements."],
               "context_set": ""
           },
           {"tag": "gq1",
            "patterns": ["What are the timings for the students of PES University?","timings in PES"],
            "responses": ["All courses at PES University follow the below timings…[8:15 AM – 9:15 AM – 1st class hour][9:15 AM – 10:15 AM – 2nd class hour][10:15 AM – 10:45 AM – Short break][10:45 AM – 11:45 AM – 3rd class hour][11:45 AM – 12:45 PM – 4th class hour][12:45 PM – 1:30 PM – Lunch break][1:30 PM – 2:30 PM – 5th class hour][2:30 PM – 3:30 PM – 6th and the last class hour]"],
            "context_set": ""
            },
            {"tag": "gq2",
                "patterns": ["Which are the two campuses of PES in Bangalore for Engineering?","campuses of PES"],
                "responses": ["The two campuses for Engineering at Bangalore are: PES University Ring Road campus @ outer ring road, BSK 3rd stage and PES University Electronic City campus @ Electronic city, hosur road."],
                "context_set": ""
            },
            {"tag": "gq2",
                "patterns": ["How do I know the different courses offered at different campuses of PES?"],
                "responses": ["Please refer our website http://pes.edu/campuses/ for more information about the different programs offered at different campuses."],
                "context_set": ""
            },
            {"tag": "gq3",
                "patterns": ["What are the extra-curricular events held at PES University?"],
                "responses": ["There are close to 50 clubs at PES University for activities ranging from music, dance, cultural to technical, to CSR. For more information, please visit the webpage http://pes.edu/clubs/"],
                "context_set": ""
            },
            {"tag": "gq4",
                "patterns": ["What are the sports facilities available at PES?","sports facilities"],
                "responses": ["PES University supports all major sports and games. There is a full sized cricket ground, 2 basketball courts (both indoor and outdoor), table tennis courts and mini hockey pitch on campus. A fully equipped gymnasium is on campus."],
                "context_set": ""
            },
            {"tag": "gq5",
                "patterns": ["How is campus life at PES other than studies?","campus life"],
                "responses": ["There are close to 50 different clubs which students can join to based on their interests. There are a plethora of sports options available to take part in. There are many activities happening on campus and off campus in which PES teams participate actively."],
                "context_set": ""
            },
            {"tag": "gq6",
                "patterns": ["Are there any food canteens on campus?"],
                "responses": ["There are 2 canteens offering north and south Indian cuisines. There are many snack and coffee points on campus."],
                "context_set": ""
            },
            {"tag": "gq7",
                "patterns": ["Does PES host any annual cultural fest?"],
                "responses": ["Yes and it’s called Atmatrisha. It is one of the biggest techno-cultural fests among all technical colleges in India."],
                "context_set": ""
            },
            {"tag": "gq8",
                "patterns": ["How strict are the anti-ragging rules at PES?"],
                "responses": ["Anti-ragging measures are taken extremely seriously at PES. The anti-ragging committee is headed by the Vice-Chancellor and overseen by the top management. Any student involved in ragging on campus may expelled from the university and handed over to the jurisdictional police station as per law."],
                "context_set": ""
            },
            {"tag": "gq9",
                "patterns": ["Is there a counseling centre at PES University?"],
                "responses": ["Yes. We have psychiatric and career counseling cells at PES University run by full time qualified professionals."],
                "context_set": ""
            },
            {"tag": "gq10",
                "patterns": ["Is there an infirmary on Campus?","infirmary"],
                "responses": ["Yes, we have a fully equipped infirmary and a full time doctor on campus. An ambulance and a tie up with a super specialty hospital in case of emergencies is always available."],
                "context_set": ""
            },
            {"tag": "gq11",
                "patterns": ["Are there any scholarships provided for admissions to BTech courses for deserving candidates?"],
                "responses": ["Scholarships are not provided before admission. After admissions, there are a host of scholarships available for the deserving candidates. Please refer the web link http://pes.edu/scholarships/ for more info about the scholarships."],
                "context_set": ""
            },
            {"tag": "gq12",
                "patterns": ["Are any special classes arranged for students’ struggling academically?"],
                "responses": ["Yes. There special mentoring sessions are conducted by the faculty to help students who find a particular subject or a topic difficult to understand. Recordings of each class can be accessed by students on the portal."],
                "context_set": ""
            },
            {"tag": "gq13",
                "patterns": ["What is the concept of major-minor courses at PES for BTech students?","major and minor courses"],
                "responses": ["With this unique concept at PES, a student who has chosen a particular specialization can take up a minor course in another specialization (e.g. major in CS and minor in electronics or major in electronics and minor in biotechnology). This will help them at the time of choosing the area of specialization in their master’s program or to gain deeper knowledge in an area of interest."],
                "context_set": ""
            },
            {"tag": "gq14",
                "patterns": ["What are the opportunities for global exposure at PES?","global exposure"],
                "responses": ["PES University offers summer program options for their students at top global Universities. Please find more information in the link http://pes.edu/summerprograms/"],
                "context_set": ""
            },
            {"tag": "gq15",
                "patterns": ["Do students need to abide by a dress code?","dress code","clothes worn in campus"],
                "responses": ["Students are expected to follow a dress code to ensure discipline and professional mind set. The exact particulars will be informed during the induction process."],
                "context_set": ""
            },
            {"tag": "gq16",
                "patterns": ["What are the accreditations and recognitions of PES University and PES University Electronic City Campus?","accreditations of PES","recognition of PES"],
                "responses": ["PES University is recognized by UGC and accredited by NAAC (A grade). Since PES is a Private University, it does not need an AICTE accreditation. PESIT South campus is accredited by AICTE and has UGC recognition."],
                "context_set": ""
            },
            {"tag": "gq17",
                "patterns": ["What is the grading system followed at PES University?","grade system","grading system"],
                "responses": ["PES University follows a 10 point grading system incorporating relative and absolute grading."],
                "context_set": ""
            },
            {"tag": "gq18",
                "patterns": ["Do I get a laptop on joining?"],
                "responses": ["No. PES does not provide laptops or any other freebies."],
                "context_set": ""
            },
            {"tag": "gq19",
                "patterns": ["Does the University conduct industrial visits?","Industrial visit"],
                "responses": ["Yes. Industrial visits are conducted for the benefit of MBA and BTech students."],
                "context_set": ""
            },
            {"tag": "gq20",
                "patterns": ["What is the level of attendance required to be eligible to take the university exams?","attendance for exams"],
                "responses": ["80% attendance is mandatory for a student to take the exam."],
                "context_set": ""
            },
            {"tag": "gq21",
                "patterns": ["What are the major differences between PES University and PES University Electronic City Campus?","difference between PESU and PESIT"],
                "responses": ["PESIT South Campus is affiliated to VTU and follows the curriculum and the syllabus set by VTU, Belgaum, Karnataka. PES University is a private University with the autonomy to design the curriculum and decide the pedagogy. This enables PES University to tailor the curriculum to changing industry requirements and adopt innovative and proven techniques in teaching and learning."],
                "context_set": ""
            },
            {"tag": "gq22",
                "patterns": ["How competent and qualified are the teachers at PES institutions?","teacher qualification"],
                "responses": ["PES Institutions recruit qualified and experienced faculty. Emphasis on industry exposure, research experience and doctoral qualifications ensures quality teaching."],
                "context_set": ""
            },
            {"tag": "gq20",
                "patterns": ["Do I have to pay the fee in full or in installments?","fee payments"],
                "responses": ["Fees can be paid in 2 installments or full at a time"],
                "context_set": ""
            },
            {"tag": "gq24",
                "patterns": ["How is the library? Do you have e-facility?","e-facitlity"],
                "responses": ["PES University has a centralized library along with departmental libraries in their respective departments. The library has e-facility where the students can access electronic copy of various journals, magazines, and databases subscribed."],
                "context_set": ""
            },
            {"tag": "gq25",
                "patterns": ["Is the campus wifi enabled?"],
                "responses": ["wifi is provided in all buildings but not in open areas."],
                "context_set": ""
            },
            {"tag": "about",
                "patterns": ["How is the college","how is PES college","is PES a good college","Reviews on PES"],
                "responses": ["PES is the best college. "],
                "context_set": ""
            }  
   ]
}