{"intents": [
    {"tag": "pessat1",
     "patterns": ["What is the full form of PESSAT"],
     "responses": ["PES(Peoples Education Society) Scholastic Aptitude Test"],
     "context_set": ""
    },
    {"tag": "pessat2",
        "patterns": ["When does the registration for PESSAT open"],
        "responses": ["Registration for PESSAT opens in October every year"],
        "context_set": ""
    },
    {"tag": "pessat3",
        "patterns": ["When do I take pessat for BTech"],
        "responses": ["PESSAT for BTech is held in the month of May every year"],
        "context_set": ""
    },
    {"tag": "pessat4",
        "patterns": ["When can I book my slot to take PESSAT for BTech"],
        "responses": ["The test slot bookings for BTech commence in April every year.After booking the test slot,the candidate should take a print-out of the Admit card"],
        "context_set": ""
    },
    {"tag": "pessat5",
        "patterns": ["When do I take PESSAT for other courses"],
        "responses": ["For all other courses other than BTech,youo can take PESSAT between January and July of every year at PES University campus.You should book your test slot online"],
        "context_set": ""
    },
    {"tag": "pessat6",
        "patterns": ["Which cities in India have test centers for BTech PESSAT"],
        "responses": ["Please refer the link http://pes.edu/pessat/ for information about PESSAT test centers in India for admission to BTech program"],
        "context_set": ""
    },
    {"tag": "pessat7",
        "patterns": ["Which cities in India have test centers for PESAT for programs other than BTech"],
        "responses": ["For programs other than BTech,PES University,Bangalore is the only Test center"],
        "context_set": ""
    },
    {"tag": "pessat8",
        "patterns": ["How many times can I take PESSAT exam"],
        "responses": ["A candidate can take PESSAT only once"],
        "context_set": ""
    },
    {"tag": "pessat9",
        "patterns": ["Can I surrender the seat alloted through PESSAT,If I am alloted seat through KCET"],
        "responses": ["Yes,you may surrender a seat alloted to you through PESSAT and opt for the seat alloted through CET,The extra money will be refunded or adjusted against the fee payable"],
        "context_set": ""
    },
    {"tag": "pessat10",
        "patterns": ["Can I surrender management seat, if I get PESSAT or KCET seat"],
        "responses": ["Yes, you may surrender the management seat if you are alloted a seat through PESSAT or KCET. The extra money will be refunded or adjusted against the fee payable"],
        "context_set": ""
    },
    {"tag": "pessat11",
        "patterns": ["I need to make corrections/modifications in my PESSAT application form.How can I do it"],
        "responses": ["You may send a mail to pessat@pes.edu with the application number and the corrections/modifications"],
        "context_set": ""
    },
    {"tag": "pessat12",
        "patterns": [""],
        "responses": ["While paying the application fee for PESAT, the amount was deducted twice, what do I do"],
        "context_set": "You may send a mail to pessat@pes.edu. If the amount of fee is found to be deducted twice then the excess amount will be refunded"
    },
    {"tag": "pessat13",
        "patterns": ["I have already paid the PESSAT application fee, but the PES portal says fee pending, what do I do?"],
        "responses": ["Send a mail to pessat@pes.edu and it will be addressed."],
        "context_set": ""
    },
    {"tag": "pessat14",
        "patterns": ["Is there any negative marking in PESSAT?"],
        "responses": ["There is no negative marking in PESSAT."],
        "context_set": ""
    },
    {"tag": "pessat15",
        "patterns": ["For BTech PESSAT counseling, is only my PESSAT rank considered or my 12th std/ 2nd PU marks are also considered?"],
        "responses": ["For BTech counseling, only PESSAT rank which is generated based on PESSAT score of the candidate is considered. 12th std/ 2nd PU marks will be considered for eligibility purpose."],
        "context_set": ""
    },
    {"tag": "pessat16",
        "patterns": ["Is PESSAT score considered for admission to programs at all PES institutions?"],
        "responses": ["PESSAT scores are considered for the courses offered at PES University – Ring Road Campus, Electronic City Campus and Hanumanth Nagar Campus"],
        "context_set": ""
    },
    {"tag": "pessat17",
        "patterns": ["Can another person represent me at the PESSAT counseling for BTech at PES University?"],
        "responses": ["Yes. Please download the authorization letter from the link http://pes.edu/pessat/pdf/Authorization_Letter.pdf , fill it, bring that authorization letter to the PES University campus before the counseling and get prior approval on it. One of the parents or guardian can represent the candidate with that. Please be informed that without the prior approval (seal and sign), the authorization letter will not be valid."],
        "context_set": ""
    },
    {"tag": "pessat18",
        "patterns": ["Is there an option to attend the counseling session from my hometown without coming to Bangalore?"],
        "responses": ["No. The candidate or authorized representative must attend counseling at PES University, Bangalore."],
        "context_set": ""
    },
    {"tag": "pessat19",
        "patterns": ["I have applied for re-valuation of my 12th Std/ 2nd PU scores in some of the subjects, but PES requires me to upload the 12th/ 2nd PU scores on the website for the BTech counseling process. It will take some time before I get the final scores after re-valuation. What do I do?","12th revaluation"],
        "responses": ["You need to upload your marks before the last date mentioned on the website. If you do not get your revaluation scores before that please upload the existing one."],
        "context_set": ""
    },
    {"tag": "pessat20",
        "patterns": ["I am not able to take PESSAT exam for BTech at my designated centre on the date of the test. Can I take the test on another day at the same centre?"],
        "responses": ["Other than the Bangalore test centre, we cannot provide you with an alternate date for taking the exam. However, you can take the test at the secondary centre on the date applicable to that center. Alternatively, you will be permitted to book the test slot for any of the announced dates for PESSAT exam and take the test at Bangalore."],
        "context_set": ""
    },
    {"tag": "pessat21",
        "patterns": ["If I fail to attend the BTech counseling on the specified day as per my rank, can I attend the counseling on the next day?"],
        "responses": ["You can attend the counseling on the next day which is earmarked for candidates who have secured lower ranks."],
        "context_set": ""
    },
    {"tag": "pessat22",
        "patterns": ["What is the fee payable for the programs at PES University?"],
        "responses": ["Please refer our website http://pes.edu/admissions/"],
        "context_set": ""
    },
    {"tag": "pessat23",
        "patterns": ["What is the intake for different programs at PES University?"],
        "responses": ["Please refer our website http://pes.edu/admissions/"],
        "context_set": ""
    },
    {"tag": "pessat24",
        "patterns": ["Which PES campus offers pre-university, diploma, pharmacy and degree courses?"],
        "responses": ["PES University Hanumanth Nagar Campus."],
        "context_set": ""
    },
    {"tag": "pessat25",
        "patterns": ["When will the courses commence at PES University?","starting date for each sementer"],
        "responses": ["All courses at PES University commence from the first Monday of August every year."],
        "context_set": ""
    },
    {"tag": "pessat26",
        "patterns": ["What is the process for admission to PhD program at PES University?"],
        "responses": ["Detailed information on admission to PhD programs at PES University is available at http://pes.edu/phd/. For any other queries, please write to dean.research@pes.edu."],
        "context_set": ""
    },
    {"tag": "pessat27",
        "patterns": ["Are the courses at PES University and PES University Electronic City Campus taught by the same Professors?"],
        "responses": ["No. The courses at PES University and PESIT South campus are taught by different Professors. Both the institutions ensure that all courses are handled by competent faculty."],
        "context_set": ""
    },
    {"tag": "pessat28",
        "patterns": ["What are the modes of admission to BTech program at PES University?","different ways to get admission at PES","admission at PES"],
        "responses": ["For Engineering, there are three modes of admission: Karnataka CET ranking, PESSAT ranking and Higher fee/NRI/Management quota. Only domicile students of Karnataka are eligible for KCET quota seats wherein they would take the KCET and secure admission through KCET counseling. Students from any country meeting the eligibility criteria for PESSAT can take the test and gain admission in PESSAT quota. For information regarding NRI/Higher fee/ Management quota, please contact the Admission Information Centre at PES University.Students need to take PESSAT even for admissions to programs other than BTech."],
        "context_set": ""
    },
    {"tag": "pessat29",
        "patterns": ["Is it mandatory for a student opting for admission through Management/ NRI/ Higher fee quota for BTech program to take CET or PESSAT?"],
        "responses": ["Yes. The student has to take Karnataka CET or PESSAT even if the student wants to opt for admission through Management/ NRI/ Higher fee quota."],
        "context_set": ""
    },
    {"tag": "pessat30",
        "patterns": ["What is the eligibility criteria for admission to BTech at PES University?"],
        "responses": ["Please refer the web page http://pes.edu/admissions/ for eligibility related information."],
        "context_set": ""
    },
    {"tag": "pessat31",
        "patterns": ["What are the modes of admission to BE/BTech program at PES University Electronic City Campus?"],
        "responses": ["The three modes of admission to BE/BTech program at PESIT south campus are through: KCET, COMEDK and Higher fee/management quota/ NRI quota."],
        "context_set": ""
    },
    {"tag": "pessat32",
        "patterns": ["What is the process for admission to BTech-MTech integrated program?","Integrated programs"],
        "responses": ["The admissions process for integrated BTech-MTech programs is the same as for the BTech program. The student can opt for BTech-MTech integrated program in the third year of the BTech program. Candidate is not required to provide information on opting for integrated BTech-MTech program at the counseling for BTech program."],
        "context_set": ""
    },
    {"tag": "pessat33",
        "patterns": ["I have completed my Diploma in Mechanical Engineering. Can I join PES University?","Diploma students","Diploma"],
        "responses": ["If you are a diploma student from Karnataka and have cleared the Diploma CET conducted by Govt of Karnataka then you may be considered for admission to BTech at PES university. Non Karnataka candidates with a diploma are not eligible for admission to BTech program at PES University as they are not eligible to take Diploma CET conducted by Govt. of Karnataka."],
        "context_set": ""
    },
    {"tag": "pessat34",
        "patterns": ["Is there any difference with regard to faculty, classes and placements for students admitted through management quota and those admitted through KCET or PESSAT?"],
        "responses": ["All students irrespective of the mode of admission receive the same training and get equal opportunity."],
        "context_set": ""
    },
    {"tag": "pessat35",
        "patterns": ["Is it mandatory to choose the specialization associated with the program at the time of counseling?"],
        "responses": ["Yes, the candidate has to select the specialization associated with the program at the time of counseling."],
        "context_set": ""
    },
    {"tag": "pessat36",
        "patterns": ["Till what rank in PGCET for MBA can one aspire to get into PES University?"],
        "responses": ["Historically, students with a PGCET rank within 150 have gained admission to MBA program at PES University."],
        "context_set": ""
    },
    {"tag": "pessat37",
        "patterns": ["What is the procedure for admission to Bachelor of Design program at PES University?"],
        "responses": ["The candidate has to register for PESSAT and take Design Aptitude Test (DAT). On the same day, the candidate has to appear for an interview in the Dept of Architecture and Design. The results of both DAT and the interview will be intimated to the candidate within 3 working days through email and SMS. If the result meets the university’s admission criteria, the candidate can proceed with the admission. Further steps for admission will be informed over the email."],
        "context_set": ""
    },
    {"tag": "pessat38",
        "patterns": ["What is the procedure to secure admission through PESSAT for Bachelor of Architecture at PES University?","Architecture","NATA exam"],
        "responses": ["Admissions for B.Arch is based on NATA score and the 12th/ 2nd PU marks of the candidate (as per CoA norms). The candidate has to register for PESSAT and upload both the NATA and 12th std/ 2nd PU scores on the university’s website. PES University will conduct counseling based on the above scores and the seats will be allotted to the eligible candidates."],
        "context_set": ""
    },
    {"tag": "pessat39",
        "patterns": ["What is the procedure for admission to BBA, LLB integrated program at PES University?"],
        "responses": ["If joining through CLAT score, the candidate has to upload CLAT score on the website. If joining though PESSAT, candidate needs to register for and take PESSAT at PES University."],
        "context_set": ""
    },
    {"tag": "pessat40",
        "patterns": ["If I have any queries regarding admission, how do I get it clarified?","Admission queries","Clarification on Admissions"],
        "responses": ["For questions pertaining to PESSAT, you can send a mail to pessat@pes.edu. For queries pertaining to admissions in general and through higher fee/Management/NRI quota, you can send a mail to admissions@pes.edu"],
        "context_set": ""
    },
    {"tag": "placement1",
        "patterns": ["Which companies visit PES University for recruiting students of engineering programs?","Placement companies","How many companies come for placements"],
        "responses": ["Every year close to 150 companies visit the campus. The companies who have visited includes Accenture, Wipro, Infosys, TCS, Goldman Sachs, Microsoft, GE, Tech Mahindra, Cisco, Intuit, SAP labs, Robert Bosch, KPMG, Mercedes Benz, Volvo, Dell, Oracle, TVS, Mahindra, Capgemini and more."],
        "context_set": ""
    },
    {"tag": "placement2",
        "patterns": ["Does the University provide pre-placement training?","Placement training"],
        "responses": ["Yes. We provide pre-placement training to all our students before they appear for their campus interviews."],
        "context_set": ""
    },
    {"tag": "placement3",
        "patterns": ["Which are the companies that visit PES University for recruiting students of MBA program?"],
        "responses": ["There are close to 100 companies who visit our campus every year to recruit MBA students. The companies who have visited includes Deloitte, Genpact, Bosch, Morgan Stanley, HDFC, ITC, Man Trucks, ICICI, TATA teleservices, Amazon, Nestle, Honeywell, Oracle, Thomson Reuters, Toyota, Ernst and Young, Mercedes Benz and more."],
        "context_set": ""
    },
    {"tag": "placement4",
        "patterns": ["How does the placement record of PES University compare with that of PES University Electronic City Campus?","Placements in PES University RR and EC campuses","Placement comparison between RR and EC campuses"],
        "responses": ["The placements are centralized at PES University for the students of both campuses. The students of both campuses are combined in a single group for placements."],
        "context_set": ""
    },
    {"tag": "placement5",
        "patterns": ["For placements after BTech, do companies consider only the marks in BTech or consider the 12th grade and 10th grade marks as well?","Placement prerequisites","Placement eligibility"],
        "responses": ["Generally, companies expect an overall score of 60% and above right from 10th grade to BTech."],
        "context_set": ""
    },
    {"tag": "transport1",
        "patterns": ["Is transport facility available from my area in Bangalore?","transport facilities","bus facility"],
        "responses": ["Please refer to our webpage Transportation for information regarding the bus routes and contact details of transport manager."],
        "context_set": ""
    },
    {"tag": "hostel1",
        "patterns": ["Are hostel facilities available for both boys and girls of PES University?"],
        "responses": ["Yes. All hostels are managed by PES. The boys’ hostel is within the campus. The girls’ hostel is about 2 Km distance from campus for which college buses are available."],
        "context_set": ""
    },
    {"tag": "hostel2",
        "patterns": ["How is the food facility at PES hostels?","food in hostel"],
        "responses": ["Food is provided according to a regular menu fixed by the college management. The menu is a mix of north and south Indian cuisines. Requests from the students to change the menu will not be entertained."],
        "context_set": ""
    },
    {"tag": "hostel3",
        "patterns": ["How is the security arrangement at the hostels?","hostel security"],
        "responses": ["24 hours security is provided for both boys and girls hostels."],
        "context_set": ""
    },
    {"tag": "hostel4",
        "patterns": ["Is laundry facility available at PES hostels?"],
        "responses": ["Yes, a permanent laundry service is available at both boys’ and girls’ hostels."],
        "context_set": ""
    },
    {"tag": "hostel5",
        "patterns": ["Can students opt for day boarding option at PES hostel?"],
        "responses": ["Yes. Students opting for this option will be allowed to go home on Friday evenings and return to the hostel on Monday mornings."],
        "context_set": ""
    },
    {"tag": "hostel6",
        "patterns": ["When can I approach the university for hostel-admissions?","hostel admission"],
        "responses": ["The parent or the student can decide on hostel admissions at the time of admission to the program."],
        "context_set": ""
    },
    {"tag": "hostel7",
        "patterns": ["Are the hostels wifi enabled?"],
        "responses": ["Yes, there is WIFI in hostels"],
        "context_set": ""
    },
    {"tag": "hostel8",
        "patterns": ["Is any accommodation facility apart from hostel available?"],
        "responses": ["Other than hostels, PES does not provide any other accommodation facility for the students. The students can opt to stay out of campus and make their own accommodation arrangements."],
        "context_set": ""
    },



